Date,Close_Stock(EUR),Close_EUR,Close_Stock(BRL)
2016-01-04,70.580002,4.2891,302.7246865782
2016-01-05,71.43,4.371,312.22053000000005
2016-01-06,72.050003,4.3301,311.9837179903
2016-01-07,71.339996,4.3322,309.0591306712
2016-01-08,71.050003,4.4145,313.65023824350004
2016-01-11,71.599998,4.3626,312.36215127479994
2016-01-12,74.25,4.3967,326.454975
2016-01-13,73.730003,4.3641,321.76510609229996
2016-01-14,73.029999,4.3693,319.0899746307
2016-01-15,70.68,4.3488,307.37318400000004
2016-01-18,71.220001,4.3697,311.2100383697
2016-01-19,72.290001,4.4142,319.10252241420005
2016-01-20,70.959999,4.4275,314.1753955725
2016-01-21,71.709999,4.4607,319.87679253929997
2016-01-22,72.0,4.5105,324.75600000000003
2016-01-25,72.68,4.4406,322.742808
2016-01-26,72.489998,4.4349,321.4858921302
2016-01-27,73.379997,4.4195,324.30289674150004
2016-01-28,71.010002,4.4778,317.9685869556
2016-01-29,73.190002,4.4469,325.46861989380005
2016-02-01,73.190002,4.4312,324.3195368624
2016-02-02,71.790001,4.3149,309.7666753149
2016-02-03,70.849998,4.352,308.339191296
2016-02-04,69.900002,4.3166,301.73034863320004
2016-02-05,67.959999,4.3522,295.7755076478
2016-02-08,65.980003,4.3511,287.0855910533
2016-02-09,66.379997,4.3543,289.03842093710006
2016-02-10,67.059998,4.3812,293.80326323759994
2016-02-11,64.900002,4.4291,287.4485988582
2016-02-12,65.290001,4.512,294.588484512
2016-02-15,67.139999,4.4662,299.8606635338
2016-02-16,67.160004,4.4644,299.8291218576
2016-02-17,68.599998,4.5283,310.6413709434
2016-02-18,69.25,4.4268,306.5559
2016-02-19,69.580002,4.4709,311.0852309418
2016-02-22,70.5,4.4736,315.3888
2016-02-23,69.940002,4.3483,304.1201106966
2016-02-24,68.0,4.3579,296.3372
2016-02-25,69.910004,4.3558,304.5139954232
2016-02-26,70.239998,4.3568,306.0216232864
2016-02-29,69.940002,4.3335,303.08499866700004
2016-03-01,71.129997,4.3684,310.7242788948
2016-03-02,71.169998,4.2656,303.58274346880006
2016-03-03,69.559998,4.2269,294.0231555462
2016-03-04,69.889999,4.156,290.462835844
2016-03-07,69.57,4.1483,288.59723099999997
2016-03-08,69.379997,4.1653,288.98850150410004
2016-03-09,69.769997,4.1276,287.98263961720005
2016-03-10,68.620003,4.04,277.22481211999997
2016-03-11,69.970001,4.0395,282.6438190395
2016-03-14,71.07,3.9814,282.95809799999995
2016-03-15,71.25,4.0591,289.210875
2016-03-16,71.519997,4.1786,298.85345946420006
2016-03-17,70.580002,4.1917,295.8501943834
2016-03-18,71.029999,4.097,291.00990590300006
2016-03-21,70.699997,4.0809,288.51961775729995
2016-03-22,71.07,4.0593,288.49445099999997
2016-03-23,71.449997,4.0155,286.9074629535
2016-03-24,70.839996,4.1143,291.45699554280003
2016-03-29,70.830002,4.1126,291.29546622519996
2016-03-30,71.160004,4.1033,291.9908444132
2016-03-31,71.099998,4.0764,289.83203184719997
2016-04-01,70.07,4.0809,285.94866299999995
2016-04-04,70.040001,4.0457,283.3608320457
2016-04-05,68.779999,4.1191,283.31169388090007
2016-04-06,69.120003,4.182,289.059852546
2016-04-07,68.190002,4.1468,282.77030029360003
2016-04-08,67.510002,4.1877,282.7116353754
2016-04-11,67.419998,4.0873,275.5657578254
2016-04-12,68.449997,3.9818,272.55419805459996
2016-04-13,69.379997,3.9646,275.0639361062
2016-04-14,69.959999,3.9398,275.62840406019995
2016-04-15,69.699997,3.9121,272.6733582637
2016-04-18,70.050003,3.9814,278.8970819442
2016-04-19,71.029999,4.0819,289.93735291810003
2016-04-20,71.089996,4.0044,284.6727799824
2016-04-21,71.110001,3.9836,283.2737999836
2016-04-22,71.239998,3.9796,283.5066960408
2016-04-25,70.800003,3.9987,283.1079719961
2016-04-26,70.230003,4.0009,280.98321900269997
2016-04-27,71.120003,3.9766,282.8158039298
2016-04-28,70.639999,3.9886,281.7547000114
2016-04-29,68.32,3.9513,269.952816
2016-05-02,68.919998,3.9297,270.8349161406
2016-05-03,67.989998,4.0293,273.9520989414
2016-05-04,67.300003,4.089,275.18971226700006
2016-05-05,67.580002,4.0744,275.3479601488
2016-05-06,67.370003,4.0293,271.4539530879
2016-05-09,68.830002,3.9902,274.64547398039997
2016-05-10,68.800003,4.0001,275.2068920003
2016-05-11,68.18,3.9482,269.18827600000003
2016-05-12,68.5,3.9388,269.8078
2016-05-13,68.489998,3.955,270.87794209
2016-05-17,68.220001,3.9538,269.7282399538
2016-05-18,68.949997,3.9444,271.96636816679995
2016-05-19,68.510002,3.9925,273.526182985
2016-05-20,69.440002,3.9893,277.01699997860004
2016-05-23,69.75,3.9924,278.4699
2016-05-24,71.330002,3.9989,285.24154499779996
2016-05-25,72.099998,3.9724,286.4100320552
2016-05-26,72.620003,3.9909,289.81916997269997
2016-05-27,72.769997,4.0091,291.7421949727
2016-05-30,72.93,4.0102,292.46388600000006
2016-05-31,72.959999,3.9766,290.13273202339997
2016-06-01,72.620003,3.9894,289.71023996819997
2016-06-02,72.160004,4.0168,289.8523040672
2016-06-03,71.559998,3.9918,285.6532000164
2016-06-06,71.470001,4.0061,286.31597100609997
2016-06-07,72.370003,3.9591,286.52007887729997
2016-06-08,71.699997,3.9008,279.68734829759995
2016-06-09,71.330002,3.8291,273.1297106582
2016-06-10,69.660004,3.8428,267.6894633712
2016-06-13,68.190002,3.8435,262.088272687
2016-06-14,67.349998,3.9252,264.3622121496
2016-06-15,67.68,3.8965,263.71512
2016-06-16,67.330002,3.9068,263.04485181359996
2016-06-17,67.769997,3.8964,264.0590163108
2016-06-20,69.599998,3.8794,270.0062322412
2016-06-21,70.269997,3.8396,269.8086804812
2016-06-22,70.089996,3.8384,269.0334406464
2016-06-23,71.110001,3.8231,271.8606448231
2016-06-24,67.110001,3.778,253.541583778
2016-06-27,65.199997,3.7466,244.2783087602
2016-06-28,66.400002,3.7331,247.8778474662
2016-06-29,67.720001,3.6574,247.67913165739998
2016-06-30,67.160004,3.602,241.91033440799998
2016-07-01,67.400002,3.5923,242.1210271846
2016-07-04,67.260002,3.5484,238.6653910968
2016-07-05,67.010002,3.6649,245.58495632979998
2016-07-06,66.699997,3.6496,243.4283090512
2016-07-07,67.400002,3.6921,248.8475473842
2016-07-08,69.370003,3.7197,258.0356001591
2016-07-11,70.599998,3.6442,257.2805127116
2016-07-12,70.860001,3.6569,259.1279376569
2016-07-13,70.400002,3.6436,256.50944728720003
2016-07-14,71.32,3.6185,258.07142
2016-07-15,71.190002,3.6078,256.83928921560005
2016-07-18,71.730003,3.6168,259.4330748504
2016-07-19,71.650002,3.597,257.725057194
2016-07-20,75.720001,3.5772,270.86558757719996
2016-07-21,76.669998,3.5848,274.84660883040004
2016-07-22,76.639999,3.6055,276.3255163945
2016-07-25,77.089996,3.5705,275.249830718
2016-07-26,77.709999,3.6072,280.3155083928
2016-07-27,78.199997,3.5926,280.9413092222
2016-07-28,78.25,3.608,282.326
2016-07-29,78.410004,3.6377,285.2320715508
2016-08-01,78.410004,3.6276,284.4401305104
2016-08-02,77.050003,3.6381,280.3156159143
2016-08-03,77.139999,3.6509,281.6304223491
2016-08-04,77.199997,3.6065,278.4217891805
2016-08-05,77.650002,3.5475,275.463382095
2016-08-08,77.43,3.5297,273.30467100000004
2016-08-09,78.839996,3.5121,276.8939499516
2016-08-10,78.650002,3.4938,274.7873769876
2016-08-11,78.919998,3.4953,275.8490690094
2016-08-12,78.559998,3.496,274.645753008
2016-08-15,78.769997,3.5595,280.3818043215
2016-08-16,77.989998,3.558,277.488412884
2016-08-17,77.699997,3.6075,280.3027391775
2016-08-18,77.68,3.619,281.12392000000006
2016-08-19,78.010002,3.6724,286.4839313448
2016-08-22,77.309998,3.6237,280.1482397526
2016-08-23,77.779999,3.6178,281.3924803822
2016-08-24,77.860001,3.654,284.500443654
2016-08-25,77.5,3.6277,281.14675
2016-08-26,78.080002,3.6402,284.22682328039997
2016-08-29,77.849998,3.6513,284.2536976974
2016-08-30,79.68,3.6117,287.780256
2016-08-31,78.760002,3.6061,284.0164432122
2016-09-01,78.800003,3.597,283.443610791
2016-09-02,80.400002,3.6408,292.7203272816
2016-09-05,80.699997,3.6292,292.8764291124
2016-09-06,80.360001,3.6403,292.53451164029997
2016-09-07,80.660004,3.594,289.892054376
2016-09-08,80.050003,3.5838,286.8832007514
2016-09-09,78.849998,3.6203,285.4606477594
2016-09-12,78.379997,3.6539,286.3926710383
2016-09-13,78.230003,3.6471,285.3126439413
2016-09-14,78.540001,3.7159,291.8467897159
2016-09-15,78.809998,3.7582,296.18373448359995
2016-09-16,77.809998,3.7081,288.52725358379996
2016-09-19,79.050003,3.6376,287.5522909128
2016-09-20,79.769997,3.6542,291.4955230374
2016-09-21,80.190002,3.6286,290.97744125720004
2016-09-22,82.360001,3.5899,295.6641675899
2016-09-23,81.629997,3.6028,294.0965531916
2016-09-26,80.459999,3.5902,288.8674884098
2016-09-27,80.849998,3.6426,294.5042027148
2016-09-28,81.360001,3.6236,294.8160996236
2016-09-29,80.739998,3.6097,291.4471707806
2016-09-30,80.919998,3.6541,295.6897646918
2016-10-04,81.470001,3.5942,292.81947759419995
2016-10-05,81.279999,3.6483,296.5338203517
2016-10-06,81.089996,3.6036,292.2159095856
2016-10-07,80.129997,3.5932,287.92310522040003
2016-10-10,80.82,3.6041,291.28336199999995
2016-10-11,80.410004,3.5637,286.55713125479997
2016-10-12,79.139999,3.5325,279.5620464675
2016-10-13,78.599998,3.5225,276.868492955
2016-10-14,78.959999,3.5075,276.9521964925
2016-10-17,78.57,3.5137,276.07140899999996
2016-10-18,79.870003,3.5258,281.6056565774
2016-10-19,79.470001,3.4931,277.5966604931
2016-10-20,79.309998,3.4714,275.31672705719996
2016-10-21,81.980003,3.4277,281.0028562831
2016-10-24,81.43,3.4255,278.938465
2016-10-25,81.07,3.3946,275.200222
2016-10-26,80.82,3.3837,273.47063399999996
2016-10-27,80.699997,3.4221,276.1634597337
2016-10-28,80.660004,3.447,278.035033788
2016-10-31,80.239998,3.5187,282.3404809626
2016-11-01,78.519997,3.5061,275.2989614817
2016-11-02,77.5,3.5749,277.05475
2016-11-03,76.690002,3.6063,276.56715421260003
2016-11-04,77.099998,3.6142,278.6548127716
2016-11-07,78.300003,3.601,281.958310803
2016-11-08,78.510002,3.5334,277.4072410668
2016-11-09,78.529999,3.4888,273.9754605112
2016-11-10,77.379997,3.5271,272.9269874187
2016-11-11,76.449997,3.6953,282.5056739141
2016-11-14,75.839996,3.7238,282.4129771048
2016-11-15,75.970001,3.6956,280.7547356956
2016-11-16,76.760002,3.6879,283.0832113758
2016-11-17,77.150002,3.6919,284.8300923838
2016-11-18,78.290001,3.643,285.210473643
2016-11-21,79.059998,3.579,282.955732842
2016-11-22,79.860001,3.6005,287.53593360049996
2016-11-23,79.699997,3.5741,284.8557592777
2016-11-24,80.779999,3.6153,292.0439303847
2016-11-25,80.870003,3.5779,289.3447837337
2016-11-28,80.169998,3.6206,290.26349475880005
2016-11-29,79.690002,3.6162,288.17498523240005
2016-11-30,78.879997,3.6754,289.9155409738
2016-12-01,77.529999,3.604,279.418116396
2016-12-02,76.940002,3.809,293.06446761800004
2016-12-05,77.309998,3.703,286.27892259399994
2016-12-06,77.129997,3.6759,283.5221559723
2016-12-07,78.139999,3.649,285.132856351
2016-12-08,79.410004,3.6351,288.6633055404
2016-12-09,79.870003,3.5799,285.9266237397
2016-12-12,79.559998,3.5652,283.64730486959996
2016-12-13,80.610001,3.5486,286.05264954859996
2016-12-14,80.400002,3.5408,284.6803270816
2016-12-15,81.440002,3.5399,288.2894630798
2016-12-16,81.43,3.5063,285.518009
2016-12-19,82.190002,3.541,291.034797082
2016-12-20,82.690002,3.4966,289.1338609932
2016-12-21,82.510002,3.4813,287.2420699626
2016-12-22,82.300003,3.4644,285.1201303932
2016-12-23,82.010002,3.428,281.130286856
2016-12-27,82.349998,3.416,281.307593168
2016-12-28,82.720001,3.4169,282.6459714169
2016-12-29,82.699997,3.4181,282.67685974569997
2016-12-30,82.809998,3.4387,284.7587401226
2017-01-02,83.540001,3.419,285.623263419
2017-01-03,82.889999,3.432,284.478476568
2017-01-04,82.43,3.3976,280.06416800000005
2017-01-05,82.690002,3.3732,278.9299147464
2017-01-06,83.660004,3.3897,283.5823155588
2017-01-09,84.339996,3.3914,286.03066243439997
2017-01-10,84.0,3.3807,283.9788
2017-01-11,83.949997,3.3686,282.7939598942
2017-01-12,83.580002,3.3836,282.8012947672
2017-01-13,84.18,3.3796,284.494728
2017-01-16,83.730003,3.4244,286.72502227319995
2017-01-17,83.470001,3.4336,286.6025954336
2017-01-18,83.599998,3.4309,286.8232331382
2017-01-19,83.989998,3.4295,288.043698141
2017-01-20,83.800003,3.4024,285.1211302072
2017-01-23,82.870003,3.3718,279.42107611539996
2017-01-24,83.459999,3.4002,283.7806885998
2017-01-25,84.660004,3.3968,287.5731015872
2017-01-26,85.019997,3.4041,289.41657178770004
2017-01-27,85.230003,3.3914,289.04903217419997
2017-01-30,85.139999,3.3631,286.3343306369
2017-01-31,84.629997,3.3441,283.0111729677
2017-02-01,84.099998,3.4009,286.0156831982
2017-02-02,85.400002,3.3657,287.4307867314
2017-02-03,85.480003,3.3562,286.88798606859996
2017-02-06,84.769997,3.3587,284.7169889239
2017-02-07,85.400002,3.3426,285.45804668520003
2017-02-08,85.970001,3.3287,286.16834232869996
2017-02-09,86.279999,3.3297,287.2865126703
2017-02-10,86.279999,3.3323,287.5108406677
2017-02-13,87.379997,3.2945,287.8734001165
2017-02-14,87.300003,3.2928,287.4614498784
2017-02-15,87.169998,3.2592,284.10445748160004
2017-02-16,86.93,3.2374,281.427182
2017-02-17,86.889999,3.2927,286.1026997073
2017-02-20,87.099998,3.2572,283.7021134856
2017-02-21,88.169998,3.2712,288.42169745760003
2017-02-22,88.970001,3.2588,289.9354392588
2017-02-23,89.0,3.2285,287.3365
2017-02-24,87.970001,3.2365,284.7149082365
2017-02-27,87.760002,3.2818,288.0107745636
2017-02-28,87.949997,3.2866,289.0564601402
2017-03-01,89.370003,3.2824,293.3480978472
2017-03-02,89.440002,3.2519,290.84994250380004
2017-03-03,89.279999,3.3116,295.6596446884
2017-03-06,88.940002,3.2976,293.28855059520004
2017-03-07,89.160004,3.316,295.65457326399996
2017-03-08,89.529999,3.2933,294.8491457067
2017-03-09,89.5,3.3317,298.18715000000003
2017-03-10,89.029999,3.3729,300.2892836271
2017-03-13,89.160004,3.3462,298.3472053848
2017-03-14,89.360001,3.3541,299.7223793541
2017-03-15,89.730003,3.3547,301.01724106409995
2017-03-16,90.650002,3.3282,301.7013366564
2017-03-17,90.949997,3.3575,305.3646149275
2017-03-20,91.07,3.3178,302.152046
2017-03-21,90.260002,3.294,297.316446588
2017-03-22,90.5,3.3341,301.73605
2017-03-23,90.949997,3.3265,302.54516502049995
2017-03-24,90.800003,3.382,307.085610146
2017-03-27,89.400002,3.3524,299.70456670479996
2017-03-28,90.610001,3.3914,307.29475739139997
2017-03-29,91.089996,3.3925,309.02281143
2017-03-30,91.389999,3.3564,306.7413926436
2017-03-31,91.980003,3.3612,309.1631860836
2017-04-03,91.910004,3.3222,305.34341528880003
2017-04-04,92.269997,3.318,306.151850046
2017-04-05,91.709999,3.3028,302.8997846972
2017-04-06,91.43,3.3271,304.19675300000006
2017-04-07,91.790001,3.3415,306.7162883415
2017-04-10,91.760002,3.3159,304.2669906318
2017-04-11,91.019997,3.3165,301.86782005050003
2017-04-12,91.489998,3.3256,304.2591373488
2017-04-13,91.099998,3.3306,303.4176533388
2017-04-18,90.360001,3.333,301.16988333300003
2017-04-19,90.660004,3.3307,301.9612753228
2017-04-20,90.400002,3.3704,304.6841667408
2017-04-21,90.919998,3.3695,306.35493326100004
2017-04-24,92.989998,3.3723,313.5901702554
2017-04-25,93.129997,3.3949,316.1670268153
2017-04-26,92.449997,3.437,317.75063968899997
2017-04-27,92.349998,3.4565,319.20776808700003
2017-04-28,92.07,3.4533,317.94533099999995
2017-05-02,92.800003,3.4614,321.2179303842
2017-05-03,92.480003,3.4417,318.2884263251
2017-05-04,93.209999,3.4408,320.7169645592
2017-05-05,93.839996,3.4973,328.18661801080003
2017-05-08,94.220001,3.4909,328.9126014909
2017-05-09,95.199997,3.4902,332.2670295294
2017-05-10,95.040001,3.4695,329.7412834695
2017-05-11,93.980003,3.4386,323.1596383158
2017-05-12,94.660004,3.4086,322.65808963439997
2017-05-15,94.209999,3.3905,319.41900160949996
2017-05-16,94.220001,3.4112,321.4032674112
2017-05-17,93.949997,3.4329,322.5209447013
2017-05-18,93.75,3.4958,327.73125
2017-05-19,94.099998,3.7411,352.03750251779996
2017-05-22,94.0,3.6451,342.63939999999997
2017-05-23,94.68,3.6676,347.248368
2017-05-24,94.93,3.6527,346.750811
2017-05-25,95.040001,3.6749,349.2624996749
2017-05-26,94.82,3.6672,347.72390399999995
2017-05-29,95.220001,3.643,346.88646364299996
2017-05-30,95.099998,3.6204,344.3000327592
2017-05-31,95.440002,3.6357,346.9912152714
2017-06-01,95.32,3.6238,345.420616
2017-06-02,96.099998,3.6422,350.0154127156
2017-06-05,96.099998,3.6602,351.7452126796
2017-06-06,95.650002,3.7079,354.6606424158
2017-06-07,95.260002,3.6906,351.5665633812
2017-06-08,95.809998,3.6761,352.2071336478
2017-06-09,96.0,3.6428,349.7088
2017-06-12,92.559998,3.6213,335.18752075739997
2017-06-13,93.589996,3.7117,347.3779881532
2017-06-14,94.25,3.7127,349.921975
2017-06-15,93.260002,3.667,341.984427334
2017-06-16,94.400002,3.6462,344.20128729239997
2017-06-19,95.459999,3.6832,351.5982683168
2017-06-20,94.849998,3.6543,346.6103476914
2017-06-21,95.199997,3.7004,352.2780688988
2017-06-22,96.010002,3.7199,357.1476064398
2017-06-23,95.93,3.7216,357.01308800000004
2017-06-26,95.690002,3.738,357.68922747600004
2017-06-27,94.349998,3.6822,347.4155626356
2017-06-28,93.5,3.753,350.9055
2017-06-29,90.889999,3.7308,339.0924082692
2017-06-30,91.449997,3.7764,345.3517686708
2017-07-03,91.18,3.7428,341.268504
2017-07-04,90.730003,3.7509,340.3191682527
2017-07-05,91.0,3.7561,341.8051
2017-07-06,90.099998,3.7273,335.8297225454
2017-07-07,90.360001,3.7641,340.1240797641
2017-07-10,91.309998,3.7355,341.088497529
2017-07-12,91.580002,3.7295,341.547617459
2017-07-13,91.360001,3.66,334.37760366
2017-07-14,91.339996,3.6579,334.1125713684
2017-07-17,90.989998,3.6406,331.2581867188
2017-07-18,89.830002,3.6478,327.68188129559996
2017-07-19,91.330002,3.6392,332.3681432784
2017-07-20,91.110001,3.6266,330.41952962659997
2017-07-21,88.879997,3.6267,322.3410851199
2017-07-24,88.75,3.6095,320.343125
2017-07-25,89.110001,3.6575,325.91982865750003
2017-07-26,90.139999,3.6901,332.6256103099
2017-07-27,90.800003,3.6777,333.9351710331
2017-07-28,90.300003,3.6829,332.5658810487
2017-07-31,89.68,3.6761,329.67264800000004
2017-08-01,90.540001,3.693,334.36422369300004
2017-08-02,89.629997,3.6884,330.5912809348
2017-08-03,90.550003,3.6862,333.7854210586
2017-08-04,91.440002,3.6952,337.88909539040003
2017-08-07,90.660004,3.6703,332.7494126812
2017-08-08,90.82,3.6844,334.617208
2017-08-09,89.93,3.6725,330.267925
2017-08-10,88.989998,3.7066,329.8503265868
2017-08-11,88.43,3.7323,330.04728900000003
2017-08-14,89.839996,3.7732,338.9842729072
2017-08-15,90.0,3.7495,337.455
2017-08-16,90.349998,3.7168,335.8128725664
2017-08-17,89.870003,3.7074,333.18404912219995
2017-08-18,89.239998,3.7141,331.4462765718
2017-08-21,88.669998,3.7051,328.5312095898
2017-08-22,89.589996,3.7341,334.5380040636
2017-08-23,89.279999,3.7157,331.7376922843
2017-08-24,88.580002,3.7072,328.38378341439994
2017-08-25,88.349998,3.7102,327.7961625796
2017-08-28,87.849998,3.6951,324.6145276098
2017-08-29,87.139999,3.785,329.824896215
2017-08-30,87.529999,3.7849,331.2922932151
2017-08-31,88.099998,3.7543,330.7538224914
2017-09-01,88.599998,3.7445,331.762692511
2017-09-04,87.879997,3.7252,327.3705648244
2017-09-05,88.209999,3.731,329.11150626899996
2017-09-06,88.650002,3.7125,329.113132425
2017-09-07,90.110001,3.6925,332.73117869249995
2017-09-08,90.540001,3.7232,337.0985317232
2017-09-11,91.779999,3.7155,341.00858628450004
2017-09-12,91.849998,3.7076,340.54305258479997
2017-09-13,92.279999,3.7375,344.8964962625
2017-09-14,91.93,3.7224,342.200232
2017-09-15,92.010002,3.7135,341.679142427
2017-09-18,92.110001,3.7128,341.9860117128
2017-09-19,91.900002,3.747,344.349307494
2017-09-20,91.839996,3.7552,344.8775529792
2017-09-21,91.739998,3.7142,340.7407005716
2017-09-22,92.089996,3.7449,344.8678260204
2017-09-25,91.879997,3.7301,342.7215768097
2017-09-26,91.419998,3.7408,341.98392851840003
2017-09-27,91.660004,3.7292,341.8184869168
2017-09-28,92.18,3.7481,345.499858
2017-09-29,92.690002,3.7457,347.1889404914
2017-10-02,94.080002,3.7328,351.1818314656
2017-10-03,94.080002,3.6982,347.9266633964
2017-10-04,93.790001,3.6864,345.7474596864
2017-10-05,94.330002,3.6817,347.2947683634
2017-10-06,94.300003,3.6901,347.97644107030004
2017-10-09,95.449997,3.6675,350.06286399749996
2017-10-10,95.029999,3.7392,355.3361722608
2017-10-11,94.82,3.7521,355.774122
2017-10-12,95.18,3.7583,357.71499400000005
2017-10-13,95.120003,3.7472,356.4336752416
2017-10-16,94.629997,3.7146,351.5125868562
2017-10-17,94.519997,3.7365,353.1739687905
2017-10-18,95.010002,3.7127,352.7436344254
2017-10-19,95.599998,3.7373,357.2858725254
2017-10-20,95.220001,3.7473,356.8179097473
2017-10-23,95.989998,3.7148,356.5836445704
2017-10-24,95.330002,3.8022,362.4637336044
2017-10-25,95.489998,3.8118,363.9887743764
2017-10-26,97.260002,3.8169,371.2317016338
2017-10-27,98.32,3.8244,376.01500799999997
2017-10-30,97.660004,3.7526,366.4789310104
2017-10-31,97.660004,3.8279,373.8327293116
2017-11-01,100.349998,3.8079,382.1227573842
2017-11-02,98.790001,3.7955,374.9574487955
2017-11-03,98.849998,3.8062,376.2428623876
2017-11-06,99.550003,3.8437,382.6403465311
2017-11-07,98.489998,3.7698,371.2875944604
2017-11-08,98.5,3.7915,373.46275
2017-11-09,96.779999,3.7691,364.7734942309
2017-11-10,96.260002,3.7842,364.2670995684
2017-11-13,95.959999,3.8174,366.3177001826
2017-11-14,96.07,3.8209,367.07386299999996
2017-11-15,95.959999,3.9034,374.5702600966
2017-11-17,96.510002,3.8523,371.7854807046
2017-11-20,97.0,3.8381,372.2957
2017-11-21,98.25,3.819,375.21675
2017-11-22,96.57,3.8212,369.013284
2017-11-23,96.720001,3.8065,368.1646838065
2017-11-24,97.25,3.8146,370.96985
2017-11-27,97.019997,3.8531,373.8277504407
2017-11-28,97.129997,3.8381,372.79464148569997
2017-11-29,95.339996,3.8027,362.54940278920003
2017-11-30,94.650002,3.8431,363.74942268620003
2017-12-01,93.169998,3.8897,362.4033412206
2017-12-04,94.349998,3.8639,364.5589572722
2017-12-05,94.559998,3.8462,363.6966643076
2017-12-06,95.0,3.8305,363.8975
2017-12-07,95.110001,3.8159,362.9302528159
2017-12-08,95.540001,3.8701,369.7493578701
2017-12-11,94.699997,3.8688,366.37534839359995
2017-12-12,96.190002,3.8881,373.9963467762
2017-12-13,96.059998,3.8787,372.58791424259994
2017-12-14,96.769997,3.9147,378.8255072559
2017-12-15,97.349998,3.9309,382.6731071382
2017-12-18,98.489998,3.889,383.027602222
2017-12-19,97.019997,3.8752,375.9718923744
2017-12-20,95.0,3.8914,369.683
2017-12-21,95.360001,3.9146,373.2962599146
2017-12-22,94.580002,3.9203,370.7819818406
2017-12-27,94.980003,3.9221,372.5210697663
2017-12-28,93.889999,3.9404,369.9641520596
2017-12-29,93.449997,3.9511,369.23028314669995
2018-01-02,92.800003,3.9457,366.1609718371
2018-01-03,94.07,3.9282,369.52577399999996
2018-01-04,95.089996,3.8841,369.3390534636
2018-01-05,96.440002,3.9001,376.12565180020005
2018-01-08,96.269997,3.8836,373.8741603492
2018-01-09,95.410004,3.8743,369.6469784972
2018-01-10,94.580002,3.8714,366.15701974279995
2018-01-11,91.43,3.8562,352.572366
2018-01-12,90.730003,3.8671,350.8619946013
2018-01-15,90.059998,3.8772,349.1806242456
2018-01-16,90.970001,3.9418,358.5855499418
2018-01-17,90.470001,3.9521,357.5464909521
2018-01-18,91.18,3.9242,357.808556
2018-01-19,92.300003,3.9198,361.7975517594
2018-01-22,91.779999,3.9022,358.1439120978
2018-01-23,92.910004,3.9207,364.2722526828
2018-01-24,92.269997,3.9811,367.3360850567
2018-01-25,90.800003,3.895,353.666011685
2018-01-26,91.720001,3.8978,357.5062198978
2018-01-29,92.089996,3.9099,360.06267536039996
2018-01-30,90.129997,3.9019,351.6782352943
2018-01-31,90.830002,3.944,358.23352788799997
2018-02-01,89.790001,3.9529,354.9308949529
2018-02-02,88.0,3.958,348.30400000000003
2018-02-05,87.440002,4.0062,350.3021360124
2018-02-06,85.290001,4.0309,343.7954650309
2018-02-07,86.279999,4.001,345.20627599900007
2018-02-08,84.080002,4.0092,337.09354401839994
2018-02-09,82.860001,4.0247,333.4866460247
2018-02-12,83.279999,4.0265,335.32691597350004
2018-02-13,82.800003,4.0505,335.38141215150006
2018-02-14,83.699997,4.067,340.407887799
2018-02-15,83.860001,4.0082,336.1276560082
2018-02-16,84.309998,4.0326,339.9884979348
2018-02-19,83.860001,4.0046,335.8257600046
2018-02-20,84.510002,4.0053,338.4879110106
2018-02-21,84.5,4.0125,339.05625000000003
2018-02-22,84.5,4.0112,338.9464
2018-02-23,84.519997,4.003,338.33354799100005
2018-02-26,84.849998,3.9707,336.9138870586
2018-02-27,85.449997,3.9659,338.88614310229997
2018-02-28,86.199997,3.973,342.47258808099997
2018-03-01,84.099998,3.9539,332.5229820922
2018-03-02,82.470001,3.9862,328.7419179862
2018-03-05,84.230003,4.0031,337.1811250093
2018-03-06,84.550003,3.9966,337.9125419898
2018-03-07,86.68,3.9801,344.99506800000006
2018-03-08,87.860001,4.0234,353.4959280234
2018-03-09,88.389999,4.0174,355.09798198260006
2018-03-12,88.370003,4.0016,353.62140400479996
2018-03-13,87.419998,4.0202,351.4458759596
2018-03-14,87.239998,4.0356,352.0657359288
2018-03-15,87.900002,4.0305,354.280958061
2018-03-16,87.349998,4.0391,352.8153769218
2018-03-19,85.790001,4.028,345.56212402799997
2018-03-20,85.400002,4.0505,345.912708101
2018-03-21,85.849998,4.0522,347.8813618956
2018-03-22,85.150002,4.0382,343.8527380764
2018-03-23,84.07,4.0832,343.27462399999996
2018-03-26,82.980003,4.0876,339.1890602628
2018-03-27,84.779999,4.1213,349.4038098787
2018-03-28,84.419998,4.1225,348.021441755
2018-03-29,84.970001,4.0827,346.9070230827
2018-04-03,84.25,4.0671,342.653175
2018-04-04,84.059998,4.0979,344.46946580419996
2018-04-05,86.660004,4.0859,354.08411034359995
2018-04-06,86.470001,4.0944,354.0427720944
2018-04-09,87.370003,4.1356,361.3273844068
2018-04-10,87.510002,4.2132,368.6971404264
2018-04-11,86.839996,4.2109,365.6745391564
2018-04-12,87.739998,4.171,365.963531658
2018-04-13,87.970001,4.2034,369.7731022034
2018-04-16,87.199997,4.2172,367.7398273484
2018-04-17,88.459999,4.2305,374.2300257695
2018-04-18,88.540001,4.2132,373.03673221319997
2018-04-19,87.709999,4.1812,366.73304781879995
2018-04-20,86.519997,4.1735,361.0912074795
2018-04-23,87.150002,4.1893,365.09750337860004
2018-04-24,90.209999,4.2106,379.8382217894
2018-04-25,89.139999,4.2462,378.5062637538
2018-04-26,90.330002,4.2366,382.6920864732
2018-04-27,92.019997,4.2046,386.9072793862
2018-04-30,92.419998,4.1896,387.2028236208001
2018-05-02,93.849998,4.157,390.134441686
2018-05-03,93.949997,4.2395,398.30101228149994
2018-05-04,95.440002,4.2264,403.36762445280004
2018-05-07,96.0,4.1976,402.9696
2018-05-08,96.510002,4.2336,408.5847444672
2018-05-09,96.739998,4.2246,408.6877955508
2018-05-10,97.540001,4.251,414.64254425100006
2018-05-11,97.419998,4.2268,411.7748475464
2018-05-14,96.849998,4.2969,416.15475640619997
2018-05-15,95.5,4.319,412.4645
2018-05-16,96.169998,4.3159,415.06009436820005
2018-05-17,96.949997,4.3392,420.6854269824
2018-05-18,95.849998,4.3547,417.39798629060004
2018-05-21,95.849998,4.3958,421.33742120840003
2018-05-22,96.110001,4.3307,416.22358133070003
2018-05-23,96.419998,4.2956,414.18174340880006
2018-05-24,96.839996,4.2439,410.9792590244
2018-05-25,97.830002,4.2736,418.0862965472
2018-05-28,96.639999,4.253,411.00991574700004
2018-05-29,95.330002,4.3395,413.684543679
2018-05-30,96.18,4.2942,413.016156
2018-05-31,96.339996,4.3404,418.1541186384
2018-06-01,97.330002,4.3508,423.46337270159995
2018-06-04,97.790001,4.387,429.004734387
2018-06-05,99.0,4.3793,433.55069999999995
2018-06-06,99.07,4.459,441.75312999999994
2018-06-07,99.620003,4.5277,451.0494875831
2018-06-08,100.440002,4.5983,461.85326119660004
2018-06-11,101.779999,4.3608,443.84221963920004
2018-06-12,101.980003,4.3644,445.08152509319996
2018-06-13,102.82,4.3623,448.531686
2018-06-14,104.300003,4.3875,457.61626316250005
2018-06-15,103.779999,4.3977,456.3933016023001
2018-06-18,102.5,4.3263,443.44575
2018-06-19,101.739998,4.3551,443.0878652898
2018-06-20,102.720001,4.3387,445.67126833870003
2018-06-21,101.419998,4.3614,442.3331792772
2018-06-22,100.900002,4.3675,440.680758735
2018-06-25,98.599998,4.4091,434.73725118179993
2018-06-26,98.589996,4.4156,435.33398633760004
2018-06-27,99.949997,4.4205,441.82896173849997
2018-06-28,97.279999,4.461,433.96607553900003
2018-06-29,98.949997,4.4626,441.5742566122
2018-07-02,98.300003,4.5272,445.0237735816
2018-07-03,99.059998,4.5529,451.01026489419996
2018-07-04,97.809998,4.5401,444.06717191979993
2018-07-05,99.169998,4.5589,452.10610388220005
2018-07-06,99.449997,4.5951,456.98268121470005
2018-07-09,101.379997,4.5321,459.4642844037
2018-07-10,102.18,4.549,464.81682000000006
2018-07-11,100.480003,4.4716,449.30638141479994
2018-07-12,101.879997,4.5238,460.8847304286
2018-07-13,102.779999,4.5244,465.01782747560003
2018-07-16,102.639999,4.4971,461.58233950289997
2018-07-17,103.800003,4.5141,468.5635935423
2018-07-18,104.68,4.4676,467.66836800000004
2018-07-19,100.980003,4.4799,452.3803154397
2018-07-20,99.989998,4.46,445.95539107999997
2018-07-23,99.639999,4.4111,439.52199958890003
2018-07-24,100.900002,4.4179,445.76611883580006
2018-07-25,101.0,4.3748,441.85479999999995
2018-07-26,103.239998,4.3241,446.42007535179994
2018-07-27,103.139999,4.3574,449.4222316426
2018-07-30,100.199997,4.3224,433.10446703279996
2018-07-31,99.849998,4.3628,435.6255712744
2018-08-01,99.540001,4.3842,436.4032723842
2018-08-02,99.089996,4.3677,432.7953755292
2018-08-03,99.769997,4.3408,433.08160297759997
2018-08-06,99.860001,4.2843,427.8302022843
2018-08-07,99.389999,4.3144,428.80821168560004
2018-08-08,100.379997,4.3496,436.6128349512
2018-08-09,100.300003,4.3751,438.8225431253
2018-08-10,98.650002,4.3762,431.7121387524
2018-08-13,100.099998,4.404,440.84039119199997
2018-08-14,100.360001,4.4234,443.9324284234
2018-08-15,99.300003,4.3819,435.1226831457
2018-08-16,102.059998,4.4208,451.18683915839995
2018-08-17,101.980003,4.4371,452.4954713113
2018-08-20,102.599998,4.4688,458.4988710624
2018-08-21,102.32,4.5557,466.13922399999996
2018-08-22,102.540001,4.6834,480.2358406834
2018-08-23,103.540001,4.6779,484.34977067790004
2018-08-24,103.980003,4.7458,493.4682982374
2018-08-27,104.699997,4.7657,498.96877570289996
2018-08-28,104.440002,4.7606,497.1970735212
2018-08-29,104.540001,4.8299,504.91775082990006
2018-08-30,104.279999,4.8047,501.03411119530006
2018-08-31,103.620003,4.8367,501.1788685101
2018-09-03,103.639999,4.7001,487.1183592999
2018-09-04,102.400002,4.824,493.977609648
2018-09-05,99.220001,4.8119,477.4367228118999
2018-09-06,98.760002,4.8182,475.8454416364
2018-09-07,100.559998,4.7133,473.9694385734
2018-09-10,101.980003,4.6867,477.9496800601
2018-09-11,102.839996,4.7343,486.8753930628
2018-09-12,104.199997,4.8119,501.3999655642999
2018-09-13,103.699997,4.8348,501.3687454956
2018-09-14,104.199997,4.914,512.038785258
2018-09-17,102.900002,4.8493,498.99297969860004
2018-09-18,103.199997,4.8198,497.40334554059996
2018-09-19,102.139999,4.8546,495.84883914539995
2018-09-20,101.639999,4.819,489.803155181
2018-09-21,104.099998,4.7973,499.39892040539996
2018-09-24,103.459999,4.7552,491.97298724480004
2018-09-25,107.0,4.8061,514.2527
2018-09-26,107.800003,4.7906,516.4266943718001
2018-09-27,107.800003,4.7344,510.3683342032
2018-09-28,106.0,4.6652,494.5112
2018-10-01,106.68,4.6961,500.9799480000001
2018-10-02,106.059998,4.6479,492.95626470419995
2018-10-04,106.080002,4.473,474.49584894599997
2018-10-05,104.220001,4.4588,464.6961404588
2018-10-08,102.040001,4.4179,450.80252041790004
2018-10-09,103.800003,4.3387,450.35707301610006
2018-10-10,98.709999,4.2722,421.70885772779997
2018-10-11,97.080002,4.3276,420.1234166552
2018-10-12,98.07,4.3807,429.61524899999995
2018-10-15,98.010002,4.3691,428.21549973820004
2018-10-16,100.959999,4.3238,436.5308436762
2018-10-17,100.339996,4.3083,432.2948047668
2018-10-18,94.379997,4.2364,399.8314192908
2018-10-19,95.300003,4.2599,405.9684827797
2018-10-22,94.989998,4.2692,405.5312994616
2018-10-23,92.599998,4.2216,390.92015155679996
2018-10-24,91.68,4.2367,388.420656
2018-10-25,93.68,4.2497,398.111896
2018-10-26,92.989998,4.2127,391.7389645746
2018-10-29,92.629997,4.1492,384.34038355240006
2018-10-30,92.610001,4.2244,391.2216882244
2018-10-31,94.660004,4.1895,396.578086758
2018-11-01,93.459999,4.2082,393.29836779179993
2018-11-02,94.389999,4.2112,397.49516378879997
2018-11-05,93.779999,4.2055,394.3917857945
2018-11-06,93.419998,4.2474,396.79209950520004
2018-11-07,94.620003,4.298,406.676772894
2018-11-08,94.330002,4.2628,402.1099325256
2018-11-09,95.169998,4.2709,406.4615444582
2018-11-12,89.800003,4.2283,379.70135268490003
2018-11-13,91.879997,4.2235,388.05516732949997
2018-11-14,91.940002,4.298,395.15812859600004
2018-11-15,92.150002,4.2773,394.15320355460005
2018-11-16,91.699997,4.2805,392.5218371585
2018-11-19,88.949997,4.2707,379.8787521879
2018-11-20,88.040001,4.298,378.395924298
2018-11-21,89.300003,4.2685,381.17706280550004
2018-11-22,88.519997,4.3213,382.5214630361
2018-11-23,89.349998,4.3343,387.2696963314
2018-11-26,90.0,4.2956,386.60400000000004
2018-11-27,90.190002,4.4625,402.4728839250001
2018-11-28,90.830002,4.3736,397.2540967471999
2018-11-29,91.099998,4.3743,398.49872125139996
2018-11-30,90.919998,4.3847,398.6569152306
2018-12-03,92.510002,4.3731,404.5554897462
2018-12-04,91.949997,4.3589,400.8008419233
2018-12-05,90.309998,4.3661,394.3024822678
2018-12-06,87.919998,4.3874,385.74019922520006
2018-12-07,88.669998,4.4091,390.9548881818
2018-12-10,88.459999,4.4464,393.32853955359997
2018-12-11,89.849998,4.4455,399.428166109
2018-12-12,91.230003,4.4163,402.89906224889995
2018-12-13,90.779999,4.3811,397.7162536189
2018-12-14,89.940002,4.4184,397.3909048368
2018-12-17,88.660004,4.4243,392.25845569719996
2018-12-18,87.75,4.4217,388.00417500000003
2018-12-19,89.220001,4.4462,396.6899684462
2018-12-20,87.769997,4.4349,389.2511596953
2018-12-21,86.419998,4.3977,380.0492252046001
2018-12-27,85.790001,4.4245,379.57785942450005
2018-12-28,86.93,4.423,384.49139
2019-01-02,87.010002,4.4472,386.9508808944
2019-01-03,84.309998,4.2853,361.2936344294
2019-01-04,86.440002,4.2756,369.5828725512
2019-01-07,86.620003,4.23,366.40261269
2019-01-08,87.970001,4.2841,376.8722812840999
2019-01-09,89.18,4.2498,378.997164
2019-01-10,89.440002,4.2489,380.0216244978
2019-01-11,89.0,4.2662,379.69180000000006
2019-01-14,88.07,4.2529,374.552903
2019-01-15,89.300003,4.2394,378.5784327182
2019-01-16,89.470001,4.2396,379.3170162396
2019-01-17,90.480003,4.2539,384.8928847617
2019-01-18,93.099998,4.2683,397.3787214634
2019-01-21,91.970001,4.2619,391.9669472619
2019-01-22,91.360001,4.2649,389.64126826489996
2019-01-23,91.599998,4.3314,396.7562313372
2019-01-24,92.489998,4.2843,396.2548984314
2019-01-25,92.660004,4.2645,395.148587058
2019-01-28,92.360001,4.3001,397.15724030009994
2019-01-29,89.809998,4.2957,385.7968084086
2019-01-30,88.830002,4.2504,377.56304050079996
2019-01-31,90.25,4.2277,381.549925
2019-02-01,90.790001,4.1678,378.3945661678
2019-02-04,90.970001,4.188,380.98236418799996
2019-02-05,92.900002,4.1913,389.3717783826
2019-02-06,92.910004,4.1822,388.5682187288
2019-02-07,90.959999,4.1999,382.02289980010005
2019-02-08,91.660004,4.2109,385.97111084359994
2019-02-11,92.470001,4.2211,390.32512122109995
2019-02-12,92.400002,4.2337,391.1938884674
2019-02-13,93.360001,4.2009,392.19602820089995
2019-02-14,93.559998,4.2255,395.33777154899997
2019-02-15,94.300003,4.2018,396.22975260540005
2019-02-18,94.209999,4.1757,393.39269282429996
2019-02-19,94.019997,4.2188,396.6515633436
2019-02-20,94.449997,4.2183,398.4184223451
2019-02-21,94.769997,4.2227,400.1852663319
2019-02-22,95.410004,4.268,407.209897072
2019-02-25,94.980003,4.2466,403.3420807398
2019-02-26,94.519997,4.26,402.65518722
2019-02-27,93.809998,4.267,400.287261466
2019-02-28,94.199997,4.2391,399.32320728269997
2019-03-01,94.889999,4.2613,404.35475273870003
2019-03-04,94.68,4.2906,406.2340080000001
2019-03-05,95.370003,4.2765,407.8498178295
2019-03-06,95.199997,4.2646,405.9899072062
2019-03-07,95.32,4.34,413.68879999999996
2019-03-08,95.599998,4.3306,414.0053513388
2019-03-11,95.839996,4.3194,413.9712787224
2019-03-12,95.599998,4.3183,412.8294713634
2019-03-13,96.400002,4.2995,414.471808599
2019-03-14,97.0,4.318,418.84599999999995
2019-03-15,99.349998,4.3405,431.22866631899996
2019-03-18,98.849998,4.3161,426.64647636779995
2019-03-19,100.139999,4.2946,430.0612397054
2019-03-20,100.099998,4.2984,430.2698314032
2019-03-21,100.099998,4.3108,431.51107137840006
2019-03-22,98.68,4.3098,425.29106400000006
2019-03-25,98.639999,4.4149,435.48573158510004
2019-03-26,100.860001,4.3584,439.58822835839993
2019-03-27,100.239998,4.3674,437.7881672652
2019-03-28,101.440002,4.4877,455.23229697540006
2019-03-29,103.0,4.3766,450.78979999999996
2019-04-01,103.0,4.4002,453.2206
2019-04-02,103.099998,4.3128,444.64967137440004
2019-04-03,103.839996,4.3138,447.94497474479994
2019-04-04,103.639999,4.348,450.626715652
2019-04-05,102.5,4.3272,443.538
2019-04-08,101.879997,4.3462,442.79084296139996
2019-04-09,98.379997,4.3326,426.2411750022
2019-04-10,99.699997,4.3334,432.0399669998
2019-04-11,99.669998,4.3096,429.5378233808
2019-04-12,99.389999,4.3401,431.36253465989995
2019-04-15,99.760002,4.3386,432.81874467719996
2019-04-16,99.470001,4.3731,434.9922613731
2019-04-17,99.370003,4.4027,437.4963122081
2019-04-18,100.480003,4.4459,446.7240453377
2019-04-23,101.839996,4.4074,448.8495983704
2019-04-24,114.620003,4.3953,503.78929918589995
2019-04-25,115.040001,4.4468,511.5598764468
2019-04-26,114.339996,4.4,503.0959824
2019-04-29,115.0,4.3777,503.4355
2019-04-30,114.580002,4.4094,505.22906081879995
2019-05-02,113.099998,4.3988,497.50427120239993
2019-05-03,113.660004,4.4297,503.4797197188
2019-05-06,112.5,4.4097,496.09125
2019-05-07,110.059998,4.4419,488.87550511620003
2019-05-08,111.099998,4.4387,493.13956112259996
2019-05-09,110.080002,4.3939,483.6805207878
2019-05-10,110.239998,4.4242,487.72379915159996
2019-05-13,109.900002,4.4424,488.21976888480003
2019-05-14,111.919998,4.4807,501.4799350386
2019-05-15,112.959999,4.452,502.89791554799996
2019-05-16,116.080002,4.4802,520.0616249604
2019-05-17,114.599998,4.5194,517.9232309612
2019-05-20,111.900002,4.5704,511.4277691408
2019-05-21,113.760002,4.571,519.996969142
2019-05-22,115.68,4.5055,521.19624
2019-05-23,113.18,4.5031,509.660858
2019-05-24,113.620003,4.5163,513.1420195489001
2019-05-27,113.720001,4.5036,512.1493965036
2019-05-28,113.160004,4.5213,511.6303260852
2019-05-29,111.199997,4.4915,499.4547865255
2019-05-30,112.0,4.4224,495.30879999999996
2019-05-31,110.419998,4.4277,488.9066251446
2019-06-03,111.220001,4.3798,487.1213603798
2019-06-04,111.139999,4.3659,485.2261216341
2019-06-05,111.959999,4.3346,485.3018116654
2019-06-06,111.379997,4.3543,484.9819209371
2019-06-07,113.720001,4.3715,497.1269843715
2019-06-11,113.18,4.3935,497.25633000000005
2019-06-12,113.32,4.3651,494.65313199999997
2019-06-13,114.440002,4.3636,499.3703927272
2019-06-14,113.540001,4.3378,492.5138163378
2019-06-17,114.620003,4.3648,500.29338909439997
2019-06-18,118.160004,4.3613,515.3312254452
2019-06-19,116.980003,4.3193,505.2717269579
2019-06-20,118.720001,4.31,511.68320430999995
2019-06-21,118.5,4.3323,513.37755
2019-06-24,118.82,4.3417,515.880794
2019-06-25,118.459999,4.3584,516.2960596416
2019-06-26,118.5,4.3692,517.7502000000001
2019-06-27,118.0,4.3686,515.4947999999999
2019-06-28,120.760002,4.3395,524.038028679
2019-07-01,122.260002,4.373,534.642988746
2019-07-02,123.5,4.3313,534.9155499999999
2019-07-03,124.379997,4.3377,539.5231129869
2019-07-04,123.760002,4.3148,533.9996566295999
2019-07-05,122.82,4.287,526.5293399999999
2019-07-08,123.199997,4.2868,528.1337471396
2019-07-09,123.0,4.2609,524.0907000000001
2019-07-10,121.900002,4.2547,518.6479385094
2019-07-11,121.919998,4.222,514.7462315560001
2019-07-12,121.059998,4.2222,511.13952355559996
2019-07-15,121.419998,4.2098,511.1539075804001
2019-07-16,120.980003,4.2249,511.12841467469997
2019-07-17,120.059998,4.2212,506.79726355759993
2019-07-18,113.32,4.2212,478.34638399999994
2019-07-19,112.0,4.1828,468.47360000000003
2019-07-22,111.239998,4.2018,467.40822359640003
2019-07-23,112.459999,4.1887,471.06119781129996
2019-07-24,113.779999,4.2037,478.2969817963001
2019-07-25,112.220001,4.1994,471.2566721994
2019-07-26,114.099998,4.2077,480.0985615846
2019-07-29,113.419998,4.2001,476.3753335998
2019-07-30,110.580002,4.2094,465.4754604187999
2019-07-31,111.720001,4.2259,472.1175522259
2019-08-01,113.18,4.2173,477.314014
2019-08-02,109.360001,4.2492,464.69251624919997
2019-08-05,106.18,4.3157,458.241026
2019-08-06,104.0,4.4638,464.2352
2019-08-07,106.199997,4.4334,470.82706669979996
2019-08-08,108.660004,4.4425,482.72206776999997
2019-08-09,106.080002,4.3805,464.6834487609999
2019-08-12,106.339996,4.4121,469.1826963516
2019-08-13,107.620003,4.4649,480.5125513947
2019-08-14,105.480003,4.4255,466.80175327650005
2019-08-15,105.739998,4.511,476.993130978
2019-08-16,107.300003,4.4311,475.4570432933
2019-08-19,107.980003,4.4388,479.30163731639993
2019-08-20,106.860001,4.5109,482.0347785109
2019-08-21,109.860001,4.4945,493.7657744945
2019-08-22,107.480003,4.4612,479.48978938359994
2019-08-23,106.379997,4.5062,479.3695424814
2019-08-26,106.720001,4.5904,489.8874925904
2019-08-27,108.540001,4.6086,500.2174486086
2019-08-28,107.120003,4.5725,489.8062137175
2019-08-29,108.379997,4.6174,500.4337981478
2019-08-30,108.599998,4.6073,500.3527707854
2019-09-02,108.360001,4.5515,493.20054455149995
2019-09-03,108.300003,4.5853,496.58800375590005
2019-09-04,109.220001,4.5679,498.9060425679
2019-09-05,111.480003,4.5143,503.25417754290004
2019-09-06,111.300003,4.528,503.96641358399995
2019-09-09,110.199997,4.5059,496.5501664822999
2019-09-10,108.739998,4.5194,491.4395469612
2019-09-11,109.139999,4.5052,491.69752349480007
2019-09-12,109.339996,4.476,489.405822096
2019-09-13,107.879997,4.4859,483.9388785423
2019-09-16,106.480003,4.5224,481.5451655672
2019-09-17,108.260002,4.4863,485.6868469726
2019-09-18,108.5,4.5116,489.50859999999994
2019-09-19,109.099998,4.53,494.22299094000005
2019-09-20,109.860001,4.5998,505.3340325998
2019-09-23,108.120003,4.567,493.784053701
2019-09-24,108.379997,4.5722,495.5350222834
2019-09-25,106.699997,4.5813,488.82469625609997
2019-09-26,107.5,4.5399,488.03925000000004
2019-09-27,107.800003,4.5518,490.6840536554
2019-09-30,107.879997,4.5375,489.50548638749996
2019-10-01,106.860001,4.5265,483.7017945265
2019-10-02,103.339996,4.5422,469.3909298312
2019-10-04,104.839996,4.4785,469.52592208600004
2019-10-07,104.279999,4.4487,463.9104315513
2019-10-08,103.660004,4.5015,466.625508006
2019-10-09,105.900002,4.4831,474.7602989662
2019-10-10,104.940002,4.5118,473.4683010236
2019-10-11,115.68,4.5206,522.9430080000001
2019-10-14,114.760002,4.5106,517.6364650212
2019-10-15,115.480003,4.5452,524.8797096356001
2019-10-16,116.639999,4.6081,537.4887793919
2019-10-17,116.0,4.5921,532.6836000000001
2019-10-18,115.82,4.6267,535.864394
2019-10-21,118.739998,4.5899,545.0047168202
2019-10-22,119.5,4.5994,549.6283
2019-10-23,118.459999,4.5371,537.4648614629
2019-10-24,118.879997,4.4876,533.4858745372
2019-10-25,119.220001,4.4826,534.4155764825999
2019-10-28,119.699997,4.435,530.869486695
2019-10-29,118.900002,4.4246,526.0849488492
2019-10-30,119.400002,4.4395,530.076308879
2019-10-31,118.800003,4.4434,527.8759333301999
2019-11-01,119.620003,4.4777,535.6224874331
2019-11-04,120.82,4.452,537.89064
2019-11-05,120.360001,4.4607,536.8898564607
2019-11-06,122.080002,4.4182,539.3738648363999
2019-11-07,122.699997,4.5166,554.1868064502
2019-11-11,123.540001,4.584,566.307364584
2019-11-12,123.339996,4.5785,564.712171686
2019-11-13,122.120003,4.5877,560.2499377631
2019-11-14,121.559998,4.5867,557.5592428266
2019-11-15,122.599998,4.6198,566.3874707604
2019-11-18,122.059998,4.6038,561.9398187923999
2019-11-19,122.660004,4.6663,572.3683766652
2019-11-20,122.260002,4.6411,567.4208952821999
2019-11-21,122.360001,4.6451,568.3744406451
2019-11-22,122.800003,4.6352,569.2025739056
2019-11-25,123.360001,4.6206,569.9972206205999
2019-11-26,122.400002,4.6502,569.1844893004
2019-11-27,123.040001,4.6617,573.5755726617
2019-11-28,122.519997,4.6889,574.4840139333
2019-11-29,123.480003,4.6094,569.1687258282
2019-12-02,119.440002,4.6644,557.1159453288
2019-12-03,120.160004,4.6738,561.6038266952
2019-12-04,122.080002,4.6571,568.5387773141999
2019-12-05,121.239998,4.6592,564.8813986816
2019-12-06,122.199997,4.6443,567.5334460671
2019-12-09,121.940002,4.5767,558.0828071534
2019-12-10,121.739998,4.5791,557.4596248418001
2019-12-11,121.400002,4.5953,557.8694291906
2019-12-12,122.120003,4.5874,560.2133017622
2019-12-13,124.160004,4.5722,567.6843702888
2019-12-16,124.720001,4.5642,569.2470285641999
2019-12-17,120.559998,4.5213,545.0879189574
2019-12-18,119.580002,4.5363,542.4507630725999
2019-12-19,119.559998,4.5126,539.5264469747999
2019-12-20,120.940002,4.5239,547.1204750478
2019-12-23,120.760002,4.5408,548.3470170816
2019-12-27,121.400002,4.5241,549.2257490482
2019-12-30,120.32,4.5178,543.581696
2020-01-02,122.0,4.4883,547.5726
2020-01-03,120.459999,4.492,541.106315508
2020-01-06,119.559998,4.5338,542.0611189324
2020-01-07,120.099998,4.5434,545.6623309132
2020-01-08,120.82,4.5322,547.5804039999999
2020-01-09,123.160004,4.5127,555.7841500508
2020-01-10,123.760002,4.5428,562.2169370856
2020-01-13,123.760002,4.5127,558.4917610253999
2020-01-14,123.599998,4.6143,570.3274707714
2020-01-15,123.0,4.5949,565.1727
2020-01-16,122.440002,4.6526,569.6643533051999
2020-01-17,125.959999,4.6571,586.6083113428999
2020-01-20,125.660004,4.6117,579.5062404468
2020-01-21,126.199997,4.6453,586.2368460641
2020-01-22,126.599998,4.6657,590.6776106686
2020-01-23,123.839996,4.6373,574.2832134508
2020-01-24,126.900002,4.6064,584.5521692128
2020-01-27,122.459999,4.6063,564.0874933937
2020-01-28,119.839996,4.6326,555.1707654696
2020-01-29,120.0,4.6193,554.316
2020-01-30,118.18,4.6552,550.151536
2020-01-31,117.82,4.6771,551.055922
2020-02-03,120.0,4.7468,569.616
2020-02-04,122.980003,4.6949,577.3788160846999
2020-02-05,124.599998,4.6961,585.1340506078001
2020-02-06,124.419998,4.6547,579.1377646906001
2020-02-07,124.080002,4.6983,582.9650733965999
2020-02-10,123.660004,4.725,584.2935189
2020-02-11,125.360001,4.7144,590.9971887144001
2020-02-12,126.82,4.7262,599.3766840000001
2020-02-13,126.800003,4.7322,600.0429741966
2020-02-14,127.139999,4.7127,599.1726732873
2020-02-17,127.400002,4.6512,592.5628893024
2020-02-18,127.32,4.6858,596.596056
2020-02-19,129.440002,4.699,608.238569398
2020-02-20,127.800003,4.7154,602.6281341462
2020-02-21,126.160004,4.7361,597.5063949444001
2020-02-24,121.239998,4.7567,576.7022984866001
2020-02-25,119.279999,4.7571,567.4268832429001
2020-02-26,118.760002,4.7703,566.5208375405999
2020-02-27,115.540001,4.8404,559.2598208404
2020-02-28,111.559998,4.9308,550.0800381383999
2020-03-02,111.0,4.9288,547.0968
2020-03-03,112.940002,4.9826,562.7348539652
2020-03-04,111.5,5.0419,562.17185
2020-03-05,110.239998,5.1035,562.609829793
2020-03-06,107.519997,5.1673,555.5880804981
2020-03-09,98.940002,5.2183,516.2986124366
2020-03-10,100.660004,5.3802,541.5709535208
2020-03-11,100.639999,5.2524,528.6015307476
2020-03-12,90.900002,5.4191,492.59620083820005
2020-03-13,92.669998,5.3554,496.2849072892001
2020-03-16,89.760002,5.3933,484.1026187866
2020-03-17,92.360001,5.5761,515.0086015761
2020-03-18,89.07,5.5148,491.20323599999995
2020-03-19,87.629997,5.5943,490.2284922171
2020-03-20,91.260002,5.4275,495.313660855
2020-03-23,92.139999,5.4119,498.65246058810004
2020-03-24,99.32,5.5316,549.398512
2020-03-25,99.0,5.5045,544.9455
2020-03-26,103.959999,5.4781,569.5032705219
2020-03-27,99.870003,5.546,553.879036638
2020-03-30,102.18,5.6789,580.270002
2020-03-31,102.800003,5.7251,588.5402971753
2020-04-01,98.099998,5.7359,562.6917785282
2020-04-02,97.230003,5.7448,558.5669212344
2020-04-03,97.349998,5.6973,554.6321436054001
2020-04-06,101.400002,5.7786,585.9500515572
2020-04-07,103.68,5.7062,591.618816
2020-04-08,105.0,5.6869,597.1245
2020-04-09,110.0,5.5625,611.875
2020-04-14,112.0,5.5396,620.4352
2020-04-15,108.300003,5.6682,613.8660770046
2020-04-16,110.099998,5.7083,628.4838185834001
2020-04-17,113.059998,5.68,642.18078864
2020-04-20,113.739998,5.6467,642.2556467066
2020-04-21,106.279999,5.773,613.554434227
2020-04-22,108.239998,5.7679,624.3174844642
2020-04-23,108.120003,5.8947,637.3349816841001
2020-04-24,106.68,5.9585,635.65278
2020-04-27,107.800003,6.0465,651.8127181395
2020-04-28,108.839996,6.1173,665.8069075308
2020-04-29,109.800003,5.9527,653.6064778581
2020-04-30,108.940002,5.8008,631.9391636016001
2020-05-04,106.879997,6.0065,641.9747019805
2020-05-05,108.440002,6.0389,654.8583280778
2020-05-06,105.300003,6.0436,636.3910981308
2020-05-07,107.339996,6.1687,662.1482333252001
2020-05-08,107.739998,6.316,680.485827368
2020-05-11,106.639999,6.2108,662.3197057892
2020-05-12,106.860001,6.286,671.7219662859999
2020-05-13,106.0,6.3809,676.3753999999999
2020-05-14,103.900002,6.3657,661.3962427314001
2020-05-15,103.739998,6.2757,651.0411054486
2020-05-18,107.360001,6.3277,679.3418783277
2020-05-19,108.080002,6.2403,674.4516364806
2020-05-20,110.199997,6.2858,692.6951411425999
2020-05-21,106.779999,6.2461,666.9585517539
2020-05-22,106.379997,6.077,646.471241769
2020-05-25,111.599998,6.0292,672.8587079416001
2020-05-26,110.980003,5.9288,657.9782417864
2020-05-27,111.839996,5.8646,655.8968405416
2020-05-28,112.599998,5.8059,653.7443283882001
2020-05-29,113.5,5.9838,679.1613
2020-06-02,115.940002,5.9679,691.9183379358001
2020-06-03,119.040001,5.8127,691.9438138127001
2020-06-04,119.599998,5.6844,679.8542286312
2020-06-05,121.139999,5.8,702.6119942
2020-06-08,120.220001,5.593,672.3904655929999
2020-06-09,120.68,5.4476,657.416368
2020-06-10,120.459999,5.549,668.432534451
2020-06-11,116.379997,5.6482,657.3374990554
2020-06-12,115.300003,5.614,647.294216842
2020-06-15,114.360001,5.6821,649.8049616821
2020-06-16,118.82,5.841,694.02762
2020-06-17,120.239998,5.9047,709.9811161906
2020-06-18,120.400002,5.8743,707.2657317485999
2020-06-19,123.480003,6.0239,743.8311900717
2020-06-22,124.019997,5.9334,735.8602501998
2020-06-23,125.5,5.9216,743.1608
2020-06-24,120.099998,5.8255,699.642538349
2020-06-25,120.800003,6.0129,726.3583380387
2020-06-26,122.120003,6.011,734.063338033
2020-06-29,122.440002,6.1505,753.0672323010001
2020-06-30,124.32,6.0738,755.094816
2020-07-01,123.860001,6.1334,759.6829301334
2020-07-02,127.660004,5.9787,763.2408659148
2020-07-03,127.580002,6.0192,767.9295480384
2020-07-06,130.720001,5.9743,780.9605019743
2020-07-07,128.779999,6.0549,779.7500159451
2020-07-08,128.779999,6.0614,780.5870859386
2020-07-09,134.679993,6.0545,815.4200176185
2020-07-10,135.039993,6.0234,813.3998938362
2020-07-13,137.520004,6.0048,825.7801200192
2020-07-14,133.940002,6.1267,820.6102102533999
2020-07-15,137.339996,6.1205,840.589445518
2020-07-16,135.460007,6.1273,830.0041008910999
2020-07-17,135.899994,6.0673,824.5460335962
2020-07-20,139.240005,6.1494,856.2424867469999
2020-07-21,141.860001,6.1015,865.5587961015
2020-07-22,142.240005,5.9609,847.8784458045
2020-07-23,141.259995,5.9176,835.920146412
2020-07-24,135.639999,6.0397,819.2249019602999
2020-07-27,139.300003,6.0958,849.1449582874
2020-07-28,137.759995,6.0504,833.503073748
2020-07-29,139.559998,6.035,842.2445879300001
2020-07-30,133.520004,6.0883,812.9098403532
2020-07-31,133.779999,6.1163,818.2386078837
2020-08-03,137.539993,6.1303,843.1614190879001
2020-08-04,135.320007,6.2526,846.1018757682001
2020-08-05,136.0,6.2464,849.5104
2020-08-06,135.240005,6.2799,849.2937073994999
2020-08-07,137.220001,6.3284,868.3830543284
2020-08-10,134.940002,6.4071,864.5740868142
2020-08-11,137.100006,6.4311,881.7038485866
2020-08-12,138.080002,6.3125,871.6300126250001
2020-08-13,137.119995,6.4072,878.5552319639999
2020-08-14,135.240005,6.3397,857.3810596984999
2020-08-17,135.660004,6.4166,870.4759816663999
2020-08-18,135.320007,6.5391,884.8710577737
2020-08-19,136.839996,6.5281,893.3051778876002
2020-08-20,136.539993,6.578,898.1600739540002
2020-08-21,135.800003,6.5923,895.2343597769
2020-08-24,138.600006,6.6254,918.2804797524001
2020-08-25,139.259995,6.6141,921.0795329294999
2020-08-26,142.259995,6.5167,927.0657094165
2020-08-27,140.360001,6.6354,931.3447506354
2020-08-28,139.759995,6.5801,919.6347430995
2020-08-31,138.039993,6.4114,885.0296111202001
2020-09-01,138.639999,6.5521,908.3831374478999
2020-09-02,141.5,6.4329,910.25535
2020-09-03,137.320007,6.324,868.4117242680001
2020-09-04,132.860001,6.2599,831.6903202599001
2020-09-07,136.820007,6.2709,857.9845818963
2020-09-08,133.440002,6.2606,835.4144765212
2020-09-09,137.520004,6.306,867.201145224
2020-09-10,136.020004,6.2639,852.0157030555999
2020-09-11,135.5,6.2887,852.1188500000001
2020-09-14,135.559998,6.2989,853.8788714022
2020-09-15,135.279999,6.2499,845.4864657501
2020-09-16,135.960007,6.2449,849.0566477143
2020-09-17,135.520004,6.1793,837.4187607171999
2020-09-18,135.5,6.2049,840.76395
2020-09-21,131.0,6.377,835.387
2020-09-22,132.5,6.3666,843.5745000000001
2020-09-23,132.0,6.4033,845.2356
2020-09-24,131.960007,6.5171,859.9965616197
2020-09-25,129.960007,6.4259,835.1100089813
2020-09-28,134.660004,6.4664,870.7654498656
2020-09-29,134.160004,6.608,886.5293064319999
2020-09-30,132.759995,6.6096,877.490462952
2020-10-01,133.740005,6.5739,879.1934188695
2020-10-02,132.759995,6.6245,879.4685868775001
2020-10-05,132.399994,6.6539,880.9763200766
2020-10-06,131.460007,6.5685,863.4950559795
2020-10-07,130.380005,6.5623,855.5927068115
2020-10-08,132.339996,6.5999,873.4307396004001
2020-10-09,133.059998,6.5841,876.0803328318001
2020-10-12,134.380005,6.5377,878.5361586885001
2020-10-13,134.080002,6.5303,875.5826370606001
2020-10-14,134.320007,6.5364,877.9692937548001
2020-10-15,130.559998,6.5638,856.9697148724
2020-10-16,132.839996,6.5662,872.2539817352001
2020-10-19,131.0,6.6112,866.0672000000001
2020-10-20,127.540001,6.5953,841.1645685953
2020-10-21,124.919998,6.6272,827.8698107456
2020-10-22,124.5,6.644,827.178
2020-10-23,124.900002,6.6037,824.8021432074
2020-10-26,97.5,6.6611,649.45725
2020-10-27,96.949997,6.6383,643.5831650851
2020-10-28,92.239998,6.7182,619.6867545636001
2020-10-29,93.260002,6.7474,629.2625374948
2020-10-30,91.489998,6.7442,617.0268445116
2020-11-02,90.18,6.6859,602.934462
2020-11-03,93.949997,6.6811,627.6893249566999
2020-11-04,96.75,6.7662,654.62985
2020-11-05,98.209999,6.6424,652.3500973576
2020-11-06,97.25,6.5239,634.4492750000001
2020-11-09,98.970001,6.3664,630.0826143664
2020-11-10,99.089996,6.3643,630.6384615428
2020-11-11,101.519997,6.3951,649.2305328147
2020-11-12,100.279999,6.3469,636.4671256531
2020-11-13,101.220001,6.4388,651.7353424388
2020-11-16,100.279999,6.4605,647.8589335395
2020-11-17,98.529999,6.4189,632.4542105811
2020-11-18,100.0,6.3169,631.69
2020-11-19,99.419998,6.3518,631.4959432964
2020-11-20,98.800003,6.2928,621.7286588784
2020-11-23,98.279999,6.3748,626.5153376252
2020-11-24,97.349998,6.4408,627.0118671184
2020-11-25,98.68,6.3892,630.486256
2020-11-26,99.540001,6.3406,631.1433303406001
2020-11-27,100.139999,6.3523,636.1193156477
2020-11-30,101.980003,6.3894,651.5910311682
2020-12-01,101.220001,6.3612,643.8806703612
2020-12-02,101.300003,6.281,636.265318843
2020-12-03,100.900002,6.317,637.385312634
2020-12-04,102.779999,6.2544,642.8272257456001
2020-12-07,101.720001,6.2461,635.3532982461
2020-12-08,102.080002,6.1733,630.1704763466
2020-12-09,102.080002,6.197,632.589772394
2020-12-10,101.18,6.2413,631.494734
2020-12-11,99.75,6.0989,608.365275
2020-12-14,99.93,6.1326,612.830718
2020-12-15,100.68,6.215,625.7262000000001
2020-12-16,102.800003,6.1728,634.5638585184
2020-12-17,105.0,6.1966,650.643
2020-12-18,104.260002,6.1989,646.2973263978
2020-12-21,101.459999,6.2504,634.1655777496
2020-12-22,103.620003,6.2643,649.1067847929
2020-12-23,103.760002,6.2839,652.0174765678
2020-12-28,105.260002,6.3372,667.0536846744001
2020-12-29,106.800003,6.408,684.374419224
2020-12-30,107.220001,6.3802,684.0850503802
2021-01-04,105.32,6.3505,668.83466
2021-01-05,105.040001,6.4864,681.3314624864
2021-01-06,105.480003,6.4971,685.3141274912999
2021-01-07,104.519997,6.5532,684.9404443404001
2021-01-08,106.18,6.6348,704.4830640000001
2021-01-11,106.040001,6.6049,700.3836026049
2021-01-12,105.739998,6.6707,705.3598046586
2021-01-13,105.360001,6.4942,684.2289184942
2021-01-14,104.199997,6.4418,671.2355406746
2021-01-15,103.519997,6.3115,653.3664610655
2021-01-18,103.239998,6.2758,647.9135794484
2021-01-19,103.900002,6.3928,664.2119327856001
2021-01-20,104.860001,6.4991,681.4956324991
2021-01-21,104.919998,6.407,672.222427186
2021-01-22,104.699997,6.5067,681.2514704799
2021-01-25,105.519997,6.6481,701.5074920557
2021-01-26,109.980003,6.6346,729.6733279038
2021-01-27,109.639999,6.5097,713.7235014903
2021-01-28,108.300003,6.5484,709.1917396452001
2021-01-29,104.800003,6.5895,690.5796197685
2021-02-01,107.040001,6.6262,709.2684546262
2021-02-02,108.260002,6.5518,709.2978811036
2021-02-03,108.760002,6.4591,702.4917289182
2021-02-04,110.279999,6.4413,710.3465575587
2021-02-05,108.480003,6.4891,703.9375874673
2021-02-08,108.959999,6.4644,704.3610175356
2021-02-09,108.879997,6.4628,703.6696446116
2021-02-10,107.279999,6.5133,698.7468174867
2021-02-11,109.5,6.5233,714.30135
2021-02-12,108.559998,6.5056,706.2479229887999
2021-02-15,108.839996,6.5046,707.9606379816
2021-02-16,108.339996,6.5107,705.3692119572
2021-02-17,104.419998,6.4908,677.7693230184001
2021-02-18,106.239998,6.5124,691.8773629752001
2021-02-19,104.940002,6.5594,688.3434491188001
2021-02-22,103.900002,6.5191,677.3345030382
2021-02-23,102.900002,6.6459,683.8631232918
2021-02-24,103.220001,6.6081,682.0880886081
2021-02-25,102.720001,6.5759,675.4764545759
2021-02-26,102.059998,6.7226,686.1085425547999
2021-03-01,103.360001,6.7572,698.4241987572
2021-03-02,103.5,6.7934,703.1169
2021-03-03,103.099998,6.8562,706.8742062876
2021-03-04,102.68,6.7677,694.907436
2021-03-05,101.779999,6.7801,690.0785712199
2021-03-08,104.660004,6.7786,709.4483031144
2021-03-09,106.0,6.9591,737.6646000000001
2021-03-10,105.82,6.8999,730.1474179999999
2021-03-11,105.860001,6.7611,715.7300527611
2021-03-12,103.040001,6.6303,683.1861186303
2021-03-15,102.660004,6.6329,680.9335405316
2021-03-16,103.019997,6.6936,689.5746519192
2021-03-17,103.0,6.6901,689.0803
2021-03-18,102.760002,6.687,687.156133374
2021-03-19,103.599998,6.6227,686.1117067546
2021-03-22,103.5,6.5305,675.90675
2021-03-23,103.059998,6.5667,676.7640888666
2021-03-24,102.82,6.5331,671.733342
2021-03-25,102.459999,6.6376,680.0884893624
2021-03-26,102.879997,6.6488,684.0285240536
2021-03-29,104.300003,6.7868,707.8632603604001
2021-03-30,103.559998,6.8007,704.2804783985999
2021-03-31,104.419998,6.7634,706.2342144732
2021-04-01,106.779999,6.6024,705.0042653976001
2021-04-06,108.900002,6.7009,729.7280234018
2021-04-07,109.360001,6.6458,726.7846946458001
2021-04-08,111.099998,6.6607,740.0037566786
2021-04-09,112.300003,6.6313,744.6950098939001
2021-04-12,111.239998,6.7576,751.7154104848
2021-04-13,112.160004,6.8264,765.6490513056
2021-04-14,113.400002,6.8318,774.7261336636001
2021-04-15,115.68,6.7719,783.373392
2021-04-16,116.220001,6.7186,780.8356987186
2021-04-19,116.040001,6.6924,776.5861026924
2021-04-20,115.339996,6.6757,769.9752112972
2021-04-21,116.699997,6.6977,781.6215699069
2021-04-22,120.699997,6.7,808.6899799
2021-04-23,119.419998,6.5374,780.6962949252
2021-04-26,118.519997,6.6209,784.7090481373
2021-04-27,118.040001,6.5643,774.8499785643
2021-04-28,118.760002,6.5879,782.3790171758001
2021-04-29,118.040001,6.4794,764.8283824794
2021-04-30,116.760002,6.4679,755.1920169358
2021-05-03,116.620003,6.5311,761.6569015933001
2021-05-04,112.739998,6.5553,739.0445088893999
2021-05-05,115.839996,6.5368,757.2228858528
2021-05-06,116.419998,6.4237,747.8471411526001
2021-05-07,117.360001,6.3625,746.7030063625
2021-05-10,115.599998,6.3653,735.8286672694001
2021-05-11,113.260002,6.3383,717.8758706766
2021-05-12,112.559998,6.34,713.63038732
2021-05-13,112.160004,6.4034,718.2053696136
2021-05-14,114.040001,6.4074,730.6999024074
2021-05-17,112.980003,6.3987,722.9251451961
2021-05-18,113.440002,6.4063,726.7306848126
2021-05-19,112.099998,6.4263,720.3882171474
2021-05-20,115.0,6.4577,742.6355
2021-05-21,114.879997,6.4547,741.5159166359
2021-05-25,115.080002,6.4943,747.3640569885999
2021-05-26,116.019997,6.5267,757.2277144199
2021-05-27,113.919998,6.4717,737.2560510566001
2021-05-28,115.120003,6.3839,734.9145871517
2021-05-31,113.519997,6.366,722.6683009019999
2021-06-01,113.919998,6.3793,726.7298432414
2021-06-02,114.120003,6.2893,717.7349348678999
2021-06-03,113.5,6.1943,703.05305
2021-06-04,114.800003,6.1556,706.6628984668
2021-06-07,115.599998,6.1408,709.8764677183999
2021-06-08,116.0,6.149,713.284
2021-06-09,115.059998,6.1264,704.9035717472
2021-06-10,116.040001,6.1623,715.0732981623
2021-06-11,118.339996,6.1509,727.8974813964
2021-06-14,119.919998,6.1908,742.4007236184001
2021-06-15,120.260002,6.1306,737.2659682612
2021-06-16,118.82,6.1137,726.4298339999999
2021-06-17,119.360001,6.0582,723.1067580582001
2021-06-18,118.199997,5.9636,704.8975021091999
2021-06-21,118.059998,6.0345,712.433057931
2021-06-22,118.080002,5.9698,704.9139959396
2021-06-23,116.580002,5.9157,689.6523178314
2021-06-24,118.660004,5.9215,702.645213686
2021-06-25,117.68,5.859,689.48712
2021-06-28,118.5,5.846,692.751
2021-06-29,119.739998,5.8722,703.1372162556
2021-06-30,118.839996,5.895,700.56177642
2021-07-01,118.400002,5.889,697.2576117780001
2021-07-02,119.300003,5.9764,712.9845379292
2021-07-05,118.900002,5.9459,706.9675218918
2021-07-06,120.300003,6.0356,726.0826981068
2021-07-07,124.5,6.1404,764.4798
2021-07-08,123.18,6.1677,759.737286
2021-07-09,124.720001,6.2274,776.6813342274
2021-07-12,125.779999,6.2113,781.2573077887
2021-07-13,127.260002,6.1353,780.7782902706
2021-07-14,127.0,6.0771,771.7917
2021-07-15,125.400002,5.9977,752.1115919954
2021-07-16,125.459999,6.0337,756.9879959662999
2021-07-19,122.760002,6.0353,740.8934400706
2021-07-20,121.480003,6.1901,751.9733665703
2021-07-21,118.459999,6.1474,728.2209978526
2021-07-22,119.0,6.1143,727.6017
2021-07-23,117.800003,6.119,720.818218357
2021-07-26,117.599998,6.0936,716.6073478128001
2021-07-27,118.82,6.1074,725.6812679999999
2021-07-28,120.980003,6.1069,738.8127803207001
2021-07-29,121.260002,6.0566,734.4233281132
2021-07-30,120.839996,6.0387,729.7164838452001
2021-08-02,121.300003,6.1841,750.1313485523
2021-08-03,121.900002,6.1418,748.6854322836
2021-08-04,123.379997,6.166,760.7610615020001
2021-08-05,125.779999,6.116,769.270473884
2021-08-06,124.839996,6.2047,774.5947231811999
2021-08-09,124.68,6.1686,769.101048
2021-08-10,124.239998,6.1388,762.6844997224
2021-08-11,123.760002,6.0785,752.275172157
2021-08-12,125.900002,6.1251,771.1501022502
2021-08-13,125.480003,6.1618,773.1826824854
2021-08-16,125.660004,6.1836,777.0312007344
2021-08-17,127.099998,6.1928,787.1048676144
2021-08-18,126.919998,6.1969,786.5105356062
2021-08-19,125.760002,6.2946,791.6089085892
2021-08-20,126.300003,6.3191,798.1023489573
2021-08-23,126.699997,6.2866,796.5122011402
2021-08-24,126.379997,6.3163,798.2539750511
2021-08-25,125.199997,6.1632,771.6326215104
2021-08-26,125.400002,6.1329,769.0656722658
2021-08-27,125.760002,6.172,776.1907323439999
2021-08-30,126.919998,6.1302,778.0449717396001
2021-08-31,127.459999,6.1119,779.0227678881
2021-09-01,127.620003,6.0799,775.9168562397
2021-09-02,125.82,6.1372,772.182504
2021-09-03,125.599998,6.15,772.4399877000001
2021-09-06,127.660004,6.166,787.1515846640001
2021-09-07,126.68,6.1363,777.346484
2021-09-08,124.199997,6.1198,760.0791416405999
2021-09-09,123.279999,6.2861,774.9504017139001
2021-09-10,123.199997,6.1426,756.7683015721999
2021-09-13,122.699997,6.1946,760.0774014162
2021-09-14,122.900002,6.1546,756.4003523092
2021-09-15,121.720001,6.1806,752.3026381806
2021-09-16,122.5,6.1695,755.7637500000001
2021-09-17,122.080002,6.1804,754.5032443608
2021-09-20,118.959999,6.1982,737.3378658017999
2021-09-21,121.279999,6.2407,756.8720897593
2021-09-22,121.160004,6.1748,748.1387926992
2021-09-23,122.839996,6.1783,758.9423472868
2021-09-24,121.239998,6.223,754.476507554
2021-09-27,121.419998,6.2469,758.4985855062
2021-09-28,117.760002,6.3022,742.1470846044
2021-09-29,117.779999,6.3405,746.7840836595
2021-09-30,116.879997,6.2785,733.8310611645
2021-10-01,116.260002,6.2963,732.0078505926
2021-10-04,114.779999,6.216,713.472473784
2021-10-05,114.940002,6.3334,727.9610086668
2021-10-06,116.300003,6.3474,738.2026390422001
2021-10-07,118.260002,6.3434,750.1704966868
2021-10-08,117.440002,6.3753,748.7152447506
2021-10-11,117.139999,6.3728,746.5097856272
2021-10-12,116.940002,6.3928,747.5740447856001
2021-10-13,121.5,6.3761,774.69615
2021-10-14,124.959999,6.3901,798.5068896099
2021-10-15,126.279999,6.3874,806.6008656126
2021-10-18,124.980003,6.3323,791.4108729969
2021-10-19,124.739998,6.3983,798.1239292033999
2021-10-20,123.839996,6.4929,804.0807100284
2021-10-21,119.860001,6.5204,781.5351505204001
2021-10-22,121.279999,6.5742,797.3189694258001
2021-10-25,123.739998,6.5783,813.9988288433999
2021-10-26,126.080002,6.4453,812.6234368905999
2021-10-27,124.900002,6.451,805.7299129019999
2021-10-28,126.300003,6.4184,810.6439392552
2021-10-29,125.32,6.593,826.2347599999999
2021-11-01,126.32,6.5149,822.9621679999999
2021-11-02,126.940002,6.5847,835.8618311694
2021-11-03,128.440002,6.5723,844.1462251446
2021-11-04,128.800003,6.4475,830.4380193425
2021-11-05,128.979996,6.4699,834.4876761204
2021-11-08,128.979996,6.4082,826.5296103672
2021-11-09,128.320007,6.4207,823.9042689449001
2021-11-10,127.68,6.3499,810.755232
2021-11-11,127.139999,6.3033,801.4015556967
2021-11-12,125.099998,6.1766,772.6926476468
2021-11-15,124.720001,6.2479,779.2380942478999
2021-11-16,125.860001,6.1985,780.1432161985
2021-11-17,125.459999,6.2241,780.8755797759
2021-11-18,124.760002,6.2316,777.4544284632001
2021-11-19,125.879997,6.315,794.9321810550001
2021-11-22,121.660004,6.3334,770.5214693336001
2021-11-23,119.540001,6.2766,750.3047702766
2021-11-24,118.940002,6.2608,744.6595645216
2021-11-25,119.82,6.2774,752.158068
2021-11-26,115.220001,6.2354,718.4427942354
2021-11-29,116.800003,6.3457,741.1777790371
2021-11-30,113.18,6.3223,715.5579140000001
2021-12-01,117.080002,6.3687,745.6474087373999
2021-12-02,114.120003,6.4436,735.3436513308
2021-12-03,114.160004,6.3798,728.3179935192001
2021-12-06,116.300003,6.3678,740.5751591034
2021-12-07,116.300003,6.4153,746.0994092459
2021-12-08,118.339996,6.3235,748.322964706
2021-12-09,118.419998,6.2734,742.8960154532
2021-12-10,119.379997,6.2904,750.9479331288001
2021-12-13,122.5,6.3462,777.4095
2021-12-14,119.959999,6.4053,768.3797815947
2021-12-15,121.139999,6.3928,774.4237856072001
2021-12-16,122.379997,6.41,784.45578077
2021-12-17,123.519997,6.4441,795.9752126677
2021-12-20,120.5,6.4136,772.8388
2021-12-21,121.400002,6.4724,785.7493729448
2021-12-22,122.739998,6.4807,795.4411050386
2021-12-23,123.519997,6.4351,794.8635326947001
2021-12-27,124.139999,6.4198,796.9539655802
2021-12-28,124.879997,6.3693,795.3981648921
2021-12-29,123.559998,6.3644,786.3852512712
2021-12-30,124.900002,6.4745,808.665062949
